{"cameraMode":{"drawMode":0,"name":"Shaded","section":"Shading Mode"},"sceneLighting":true,"audioPlay":false,"sceneViewState":{"showFog":true,"showMaterialUpdate":false,"showSkybox":true,"showFlares":true,"showImageEffects":true,"showParticleSystems":true},"in2DMode":false,"pivot":{"x":-4.592629909515381,"y":8.297676086425782,"z":-25.10430335998535},"rotation":{"x":0.007316571660339832,"y":-0.9910638928413391,"z":0.11830543726682663,"w":0.06131840497255325},"size":10.0,"orthographic":false}