{"cameraMode":{"drawMode":0,"name":"Shaded","section":"Shading Mode"},"sceneLighting":true,"audioPlay":false,"sceneViewState":{"showFog":true,"showMaterialUpdate":false,"showSkybox":true,"showFlares":true,"showImageEffects":true,"showParticleSystems":true},"in2DMode":false,"pivot":{"x":-8.119942665100098,"y":12.219926834106446,"z":-6.086667060852051},"rotation":{"x":0.11690531671047211,"y":-0.7103400826454163,"z":0.12207972258329392,"w":0.6835234761238098},"size":0.8660253882408142,"orthographic":false}